Loss,Accuracy,Precision,Recall,F1-Score
0.8969146626790364,0.9193333333333333,0.9274427794427794,0.9193333333333333,0.9176432153992391
