Loss,Accuracy,Precision,Recall,F1-Score
0.26979823814646803,0.9013333333333333,0.9181891534391534,0.9013333333333333,0.9002120657120656
