fold,loss,accuracy,precision,recall,f1
1,0.8291540431976319,0.9366666666666666,0.9401191401191401,0.9366666666666668,0.9362448171372656
2,0.9851806195576985,0.89,0.907361434861435,0.8899999999999999,0.887511789571959
3,0.9061603220303853,0.9166666666666666,0.9261655011655012,0.9166666666666666,0.9140460258023188
4,0.9043144965171814,0.9233333333333333,0.9292893217893218,0.9233333333333333,0.9226908477372874
5,0.8597638320922851,0.93,0.9342784992784993,0.93,0.9277225967473645
