Loss,Accuracy,Precision,Recall,F1-Score
0.5956191048736831,0.8606666666666666,0.8729784746843571,0.8606666666666666,0.8563922092104844
